,close,date,high,low,open,volume
0,127.7,2015-04-20,131.2,126.52,131.67,47638085
1,129.64,2015-04-21,132.1,131.96,131.5,33686648
2,132.3,2015-04-22,130.7,132.0,132.27,37850319
3,135.32,2015-04-23,136.3,132.7,133.9,47199562
4,130.34,2015-04-24,132.77,130.44,133.26,44796386
5,133.29,2015-04-27,135.01,134.84,137.9,101223115
6,133.6,2015-04-28,136.52,130.09,138.37,122828587
7,134.06,2015-04-29,131.92,133.6,131.76,64339384
8,129.29,2015-04-30,128.1,124.98,132.0,83200117
9,132.21,2015-05-01,136.21,129.6,132.3,60822950
10,134.5,2015-05-04,135.83,129.54,132.8,53522359
11,129.7,2015-05-05,133.02,131.92,129.52,50634196
12,125.75,2015-05-06,133.03,126.51,127.98,73318986
13,127.85,2015-05-07,128.38,129.85,129.32,44860364
14,131.06,2015-05-08,129.25,128.97,132.74,56448697
15,132.14,2015-05-11,132.2,127.33,129.94,43583153
16,127.09,2015-05-12,127.74,129.89,130.9,49219100
17,126.83,2015-05-13,132.85,131.67,131.6,35665494
18,129.61,2015-05-14,129.12,131.73,130.7,47129533
19,129.16,2015-05-15,132.07,129.89,130.21,39844721
20,130.35,2015-05-18,136.81,131.77,129.44,52028717
21,135.43,2015-05-19,134.81,130.97,134.89,45616178
22,132.02,2015-05-20,136.93,134.6,132.0,37575917
23,135.58,2015-05-21,133.91,131.72,135.25,40719187
24,133.22,2015-05-22,133.49,132.8,137.3,47406985
25,133.05,2015-05-26,133.35,129.8,133.8,71809430
26,132.53,2015-05-27,135.21,131.68,133.94,47871406
27,136.19,2015-05-28,135.89,131.8,134.02,31694845
28,133.33,2015-05-29,137.8,131.4,132.99,52439399
29,131.43,2015-06-01,136.85,134.54,131.9,32650219
30,134.91,2015-06-02,135.79,133.22,131.09,34059389
31,132.48,2015-06-03,132.19,135.8,136.09,31531357
32,130.11,2015-06-04,131.88,133.89,131.63,39583046
33,128.91,2015-06-05,134.79,131.85,135.1,37253250
34,133.9,2015-06-08,129.41,128.18,130.3,53698533
35,127.84,2015-06-09,130.1,126.04,127.3,56198745
36,133.27,2015-06-10,132.59,133.51,128.79,40884336
37,134.51,2015-06-11,130.94,134.51,133.47,36635435
38,133.23,2015-06-12,130.19,130.26,129.58,36916268
39,133.17,2015-06-15,127.37,131.6,129.8,44004813
40,131.6,2015-06-16,129.86,128.59,129.51,31750315
41,131.2,2015-06-17,134.05,131.25,130.33,33010752
42,128.72,2015-06-18,130.65,132.61,129.7,36200841
43,130.5,2015-06-19,131.04,128.6,128.79,57095294
44,127.91,2015-06-22,133.26,129.14,127.99,34307021
45,128.8,2015-06-23,128.19,132.94,131.43,31150848
46,130.5,2015-06-24,131.3,130.73,127.7,56735370
47,130.6,2015-06-25,129.2,128.0,132.26,32138677
48,128.28,2015-06-26,131.97,127.41,128.46,45233584
49,129.43,2015-06-29,130.46,124.67,127.67,49517107
50,128.74,2015-06-30,130.72,125.79,129.77,44669843
51,128.6,2015-07-01,131.55,128.15,130.7,31340528
52,126.51,2015-07-02,131.67,128.56,128.06,28437302
53,127.0,2015-07-06,132.48,127.31,130.05,29426960
54,125.95,2015-07-07,131.56,123.93,130.88,47788516
55,124.31,2015-07-08,128.44,124.31,125.1,61355834
56,121.3,2015-07-09,125.74,124.09,123.92,80639527
57,123.59,2015-07-10,128.23,125.68,124.99,61927318
58,130.6,2015-07-13,131.88,129.63,127.03,42701052
59,126.45,2015-07-14,128.12,126.01,128.48,33336748
60,126.91,2015-07-15,128.85,128.52,125.73,34648575
61,134.52,2015-07-16,134.3,132.27,128.26,37012456
62,129.89,2015-07-17,134.86,130.19,131.79,46209430
63,133.26,2015-07-20,138.26,134.4,135.75,61298524
64,133.13,2015-07-21,133.85,131.39,136.12,77654897
65,128.69,2015-07-22,127.3,127.86,126.37,119876902
66,128.55,2015-07-23,131.64,126.29,131.8,51040130
67,128.6,2015-07-24,125.87,126.9,126.66,43025406
68,124.66,2015-07-27,125.61,126.14,125.19,45366387
69,129.07,2015-07-28,127.84,127.81,124.55,34355246
70,125.66,2015-07-29,124.0,127.93,128.82,37050405
71,122.39,2015-07-30,124.71,122.54,126.15,34136574
72,121.8,2015-07-31,124.33,126.36,124.7,45024436
73,120.92,2015-08-03,128.09,119.59,121.8,72839479
74,118.27,2015-08-04,122.7,117.49,121.79,130251241
75,118.7,2015-08-05,123.13,112.9,115.49,103899044
76,117.41,2015-08-06,121.0,117.31,121.28,53761984
77,119.62,2015-08-07,121.47,115.2,117.17,39260642
78,120.47,2015-08-10,120.83,121.44,119.47,56257732
79,117.58,2015-08-11,118.27,117.32,120.22,101679841
80,120.97,2015-08-12,119.65,110.38,114.41,103299665
81,119.14,2015-08-13,119.2,118.79,120.62,50481345
82,121.1,2015-08-14,116.45,114.05,114.57,44102055
83,120.99,2015-08-17,122.43,119.4,120.17,41000309
84,120.4,2015-08-18,119.94,116.54,120.0,36239844
85,118.52,2015-08-19,117.44,116.34,116.2,48397411
86,116.67,2015-08-20,115.84,112.52,115.13,70437968
87,108.63,2015-08-21,112.0,109.38,114.95,133498777
88,104.84,2015-08-24,109.4,94.0,98.1,169971513
89,105.86,2015-08-25,112.19,106.6,113.4,104544904
90,112.83,2015-08-26,110.74,107.21,109.47,100232552
91,117.01,2015-08-27,115.3,111.21,114.97,85597932
92,114.35,2015-08-28,117.3,111.64,113.24,54443363
93,115.79,2015-08-31,116.14,116.0,114.64,57641395
94,110.37,2015-09-01,114.09,107.66,112.93,80467930
95,116.56,2015-09-02,114.94,111.97,115.12,61952943
96,111.8,2015-09-03,114.07,115.09,115.71,53774805
97,114.45,2015-09-04,113.51,110.64,112.18,51758532
98,113.55,2015-09-08,118.0,114.48,113.44,55021023
99,111.34,2015-09-09,119.38,110.93,119.05,87983846
100,114.24,2015-09-10,118.24,113.0,115.25,65764822
101,116.77,2015-09-11,114.45,115.91,115.63,52135687
102,120.75,2015-09-14,119.93,118.05,121.67,58887213
103,121.58,2015-09-15,118.41,116.09,120.06,45449815
104,118.43,2015-09-16,120.92,119.44,121.84,38151059
105,114.42,2015-09-17,119.56,118.75,120.39,64476261
106,118.12,2015-09-18,118.6,112.1,113.53,75963119
107,119.38,2015-09-21,120.03,118.78,118.49,52325176
108,116.2,2015-09-22,118.62,115.34,113.98,51432457
109,119.66,2015-09-23,115.16,118.1,116.92,36091004
110,119.0,2015-09-24,119.3,116.46,117.34,52102585
111,116.53,2015-09-25,117.67,117.48,121.02,56616374
112,115.59,2015-09-28,117.22,112.61,116.4,53314071
113,109.44,2015-09-29,113.96,112.65,114.03,73814666
114,111.4,2015-09-30,113.34,113.18,115.17,69667168
115,112.58,2015-10-01,113.25,112.25,109.85,66301249
116,112.07,2015-10-02,116.32,110.2,108.08,60456355
117,114.96,2015-10-05,116.56,109.73,112.47,54481361
118,111.66,2015-10-06,116.01,111.04,114.21,50305214
119,115.74,2015-10-07,113.39,114.82,116.56,48039847
120,113.6,2015-10-08,111.36,111.09,114.89,63392497
121,115.18,2015-10-09,112.68,114.6,114.0,53811043
122,112.2,2015-10-12,113.15,113.19,116.61,30971601
123,113.7,2015-10-13,114.16,114.68,112.68,33674552
124,113.45,2015-10-14,111.78,114.36,112.79,45828031
125,117.03,2015-10-15,117.1,114.52,115.77,38970289
126,116.41,2015-10-16,114.0,113.45,116.78,39961911
127,115.77,2015-10-19,116.36,110.71,114.8,30346676
128,115.27,2015-10-20,118.46,115.52,115.31,50961280
129,117.32,2015-10-21,120.69,118.9,115.0,44386517
130,117.1,2015-10-22,115.8,114.8,119.3,43001422
131,123.56,2015-10-23,119.86,118.58,120.6,59749002
132,118.74,2015-10-26,121.18,119.12,118.23,67556020
133,118.75,2015-10-27,118.24,117.88,116.8,70402188
134,121.4,2015-10-28,124.6,117.02,121.85,85858154
135,122.89,2015-10-29,126.18,121.07,122.1,51527967
136,124.0,2015-10-30,122.81,124.56,121.68,50195418
137,127.12,2015-11-02,126.47,123.89,123.65,33093528
138,127.25,2015-11-03,126.62,122.1,125.4,47496970
139,127.0,2015-11-04,129.59,121.65,126.67,44909662
140,124.82,2015-11-05,123.77,126.03,125.44,40637250
141,125.54,2015-11-06,127.49,126.62,121.17,33650442
142,121.36,2015-11-09,125.65,121.61,125.27,34262442
143,119.15,2015-11-10,120.06,121.2,119.4,61624952
144,117.15,2015-11-11,123.01,117.13,120.97,45853396
145,121.35,2015-11-12,120.22,118.11,117.71,33654961
146,113.31,2015-11-13,116.59,116.79,117.5,47020400
147,114.52,2015-11-16,117.07,114.0,112.79,38234956
148,118.41,2015-11-17,117.78,117.19,118.23,27834409
149,122.24,2015-11-18,118.34,119.3,116.15,47671695
150,119.68,2015-11-19,122.75,120.92,120.3,43602448
151,120.8,2015-11-20,123.64,122.26,120.2,35782027
152,121.5,2015-11-23,120.94,120.68,122.29,33433919
153,123.58,2015-11-24,122.61,118.56,117.9,43395882
154,121.58,2015-11-25,120.93,120.53,119.92,22103849
155,123.41,2015-11-27,121.94,119.6,120.96,13051130
156,119.8,2015-11-30,121.17,118.46,122.99,39517597
157,120.82,2015-12-01,123.9,119.3,123.77,35062610
158,117.57,2015-12-02,119.6,118.35,117.55,34773809
159,119.6,2015-12-03,121.3,114.33,121.54,43111240
160,123.92,2015-12-04,121.9,116.03,117.5,59216766
161,118.38,2015-12-07,120.18,123.21,123.97,32110222
162,119.73,2015-12-08,119.8,120.97,123.01,35131544
163,117.71,2015-12-09,120.56,116.67,119.06,46912195
164,120.39,2015-12-10,122.26,120.07,121.29,29255812
165,117.09,2015-12-11,119.29,114.45,118.01,48639396
166,117.89,2015-12-14,117.69,110.09,113.04,67357161
167,115.56,2015-12-15,114.3,112.96,116.99,54907379
168,111.46,2015-12-16,114.71,110.3,111.6,56884158
169,110.64,2015-12-17,115.12,111.88,114.9,46442288
170,108.68,2015-12-18,111.91,107.02,110.01,98024392
171,110.53,2015-12-21,110.12,110.82,108.35,49498148
172,111.4,2015-12-22,110.96,107.63,108.2,33290662
173,110.57,2015-12-23,111.41,111.6,107.29,33902618
174,113.05,2015-12-24,110.0,109.02,110.0,13920205
175,108.52,2015-12-28,112.09,107.14,111.23,27653003
176,112.18,2015-12-29,111.86,109.77,109.57,31308199
177,107.83,2015-12-30,111.0,112.1,110.03,26032634
178,105.73,2015-12-31,110.46,105.02,112.23,42066280
179,108.25,2016-01-04,105.99,103.0,103.21,69762777
180,103.51,2016-01-05,110.58,107.15,107.14,56905327
181,101.4,2016-01-06,103.08,102.52,105.03,68537200
182,97.3,2016-01-07,102.05,98.84,100.57,81652074
183,97.74,2016-01-08,102.5,99.3,102.68,72851865
184,101.42,2016-01-11,103.43,98.18,102.37,51148493
185,103.63,2016-01-12,101.34,101.85,103.17,51324078
186,98.83,2016-01-13,102.36,101.9,103.06,62881319
187,102.82,2016-01-14,102.99,95.92,102.5,63476092
188,98.84,2016-01-15,101.44,99.86,98.4,81077453
189,97.31,2016-01-19,100.51,99.1,99.58,53857852
190,101.34,2016-01-20,101.34,95.95,97.4,73944776
191,96.5,2016-01-21,102.35,99.56,98.1,54746257
192,101.67,2016-01-22,103.82,102.62,99.23,68634785
193,100.04,2016-01-25,102.43,102.19,105.29,54346046
194,100.14,2016-01-26,102.34,100.31,104.77,78371775
195,96.97,2016-01-27,99.79,96.13,98.3,134195642
196,95.67,2016-01-28,97.47,94.13,97.82,55967940
197,99.11,2016-01-29,97.55,99.03,96.38,64846242
198,99.77,2016-02-01,99.04,97.8,97.23,42645781
199,96.67,2016-02-02,97.12,96.93,98.0,37682374
200,100.11,2016-02-03,100.41,97.54,96.0,46612621
201,97.2,2016-02-04,101.96,98.69,96.49,46572020
202,95.38,2016-02-05,100.19,94.43,98.71,47175532
203,96.87,2016-02-08,97.0,95.76,95.71,55786500
204,96.29,2016-02-09,99.38,97.51,96.55,45147630
205,95.7,2016-02-10,96.53,94.3,97.62,43584821
206,96.8,2016-02-11,97.59,97.08,98.1,50958656
207,97.33,2016-02-12,95.5,97.1,95.87,42198605
208,96.99,2016-02-16,99.23,97.49,98.49,49788232
209,101.87,2016-02-17,100.72,97.93,98.38,46363876
210,100.44,2016-02-18,101.17,100.03,100.42,39833939
211,100.34,2016-02-19,96.96,98.4,97.0,36280924
212,101.48,2016-02-22,101.2,96.33,97.0,35026834
213,96.94,2016-02-23,99.6,96.99,99.0,33164755
214,100.7,2016-02-24,98.84,95.66,95.49,36932180
215,99.94,2016-02-25,97.54,96.19,96.67,28709644
216,97.78,2016-02-26,101.73,97.07,99.5,29539895
217,101.5,2016-02-29,102.14,100.08,100.25,36264042
218,105.0,2016-03-01,105.41,100.04,102.31,52841646
219,104.48,2016-03-02,105.83,103.69,102.4,34624478
220,104.9,2016-03-03,104.95,103.42,102.65,37352927
221,105.43,2016-03-04,107.31,103.31,106.24,46244179
222,106.16,2016-03-07,107.81,102.32,102.93,36839163
223,105.65,2016-03-08,105.82,104.4,103.14,32204229
224,105.83,2016-03-09,104.07,105.02,103.11,27668800
225,105.7,2016-03-10,103.78,100.53,105.25,33690020
226,107.08,2016-03-11,103.92,105.5,105.07,28073297
227,105.88,2016-03-14,106.09,103.23,106.8,25192273
228,104.9,2016-03-15,107.97,104.75,104.97,40525909
229,110.38,2016-03-16,109.39,106.54,108.96,39613348
230,108.0,2016-03-17,108.25,107.26,109.88,35405823
231,106.85,2016-03-18,107.4,108.08,108.78,44245450
232,110.23,2016-03-21,112.36,110.03,108.18,37190354
233,110.0,2016-03-22,112.29,109.65,106.73,33935381
234,109.34,2016-03-23,112.2,106.3,106.6,26257755
235,105.85,2016-03-24,107.53,109.32,110.55,26741407
236,105.8,2016-03-28,109.64,107.22,109.0,19703800
237,111.86,2016-03-29,111.64,105.41,107.35,31972891
238,111.5,2016-03-30,111.99,108.9,112.76,47083870
239,110.36,2016-03-31,113.7,110.69,110.55,26071083
240,114.63,2016-04-01,111.0,112.1,114.08,26897280
241,114.56,2016-04-04,116.03,110.5,115.73,37867459
242,110.35,2016-04-05,114.02,113.37,109.59,26987488
243,113.08,2016-04-06,114.53,112.1,114.51,26574429
244,113.14,2016-04-07,111.45,109.24,115.27,32331058
245,113.47,2016-04-08,112.39,112.88,109.28,24589306
246,109.92,2016-04-11,112.34,112.11,111.55,30763504
247,115.42,2016-04-12,115.6,108.91,112.05,27770423
248,117.21,2016-04-13,116.87,113.6,113.1,34443289
249,113.2,2016-04-14,115.77,115.33,116.62,26608212
250,113.92,2016-04-15,113.7,115.04,117.43,48751658
251,108.75,2016-04-18,114.2,110.97,109.45,61642008
252,107.53,2016-04-19,112.0,108.13,108.47,32940527
253,109.01,2016-04-20,111.91,107.03,110.73,31580053
254,106.16,2016-04-21,108.93,106.42,112.27,32475232
255,106.28,2016-04-22,109.65,104.66,109.82,33702165
256,110.31,2016-04-25,107.89,104.71,107.0,28165615
257,107.96,2016-04-26,106.7,107.28,108.35,57778831
258,101.24,2016-04-27,100.41,97.41,100.0,118038191
259,96.36,2016-04-28,101.52,95.22,100.27,85098341
260,96.79,2016-04-29,95.98,95.43,95.27,70477303
261,97.38,2016-05-02,96.16,93.9,95.95,49460163
262,96.03,2016-05-03,99.93,95.82,96.3,58676515
263,95.51,2016-05-04,96.4,94.88,97.4,42735392
264,95.85,2016-05-05,97.57,93.36,96.0,37326219
265,96.1,2016-05-06,95.06,95.78,93.49,44659591
266,93.79,2016-05-09,94.87,93.63,94.0,33074883
267,95.16,2016-05-10,93.89,94.16,94.64,34576593
268,93.77,2016-05-11,97.41,93.68,95.5,29256092
269,93.57,2016-05-12,93.56,90.35,94.49,78330965
270,90.84,2016-05-13,93.49,94.0,94.0,45940079
271,98.06,2016-05-16,97.26,92.43,94.63,63481571
272,95.37,2016-05-17,95.2,94.51,98.92,47558683
273,96.48,2016-05-18,98.27,97.53,94.3,43143122
274,96.7,2016-05-19,98.61,96.68,95.06,31932141
275,95.91,2016-05-20,96.88,95.38,95.85,33415890
276,97.76,2016-05-23,101.95,98.86,99.62,39061171
277,100.4,2016-05-24,102.16,101.52,101.04,36126670
278,103.83,2016-05-25,104.47,102.31,98.71,40255292
279,100.61,2016-05-26,102.96,101.83,101.89,58611170
280,101.06,2016-05-27,103.51,99.89,100.42,38084256
281,104.13,2016-05-31,103.6,99.14,103.7,43940166
282,100.51,2016-06-01,103.98,99.21,100.17,29296762
283,99.03,2016-06-02,100.43,96.79,99.3,41174634
284,101.22,2016-06-03,101.21,101.14,101.42,29389184
285,100.6,2016-06-06,105.98,102.35,99.56,24452609
286,100.28,2016-06-07,102.88,103.82,102.79,23078527
287,103.56,2016-06-08,101.72,101.49,99.55,21341154
288,102.17,2016-06-09,103.31,98.52,99.2,27831177
289,102.44,2016-06-10,100.08,98.97,102.18,33171484
290,100.76,2016-06-13,99.31,101.5,101.16,39907658
291,97.94,2016-06-14,100.42,98.13,101.22,32249714
292,97.37,2016-06-15,102.77,97.27,99.27,29537313
293,98.81,2016-06-16,99.35,98.07,100.47,31489311
294,99.21,2016-06-17,96.75,96.0,96.86,63820186
295,99.5,2016-06-20,100.96,95.99,96.0,35924689
296,99.01,2016-06-21,100.42,96.75,97.1,36082191
297,99.43,2016-06-22,101.33,100.04,97.72,29708801
298,99.1,2016-06-23,100.68,96.62,97.71,33847778
299,94.4,2016-06-24,96.34,96.1,94.68,78897268
300,96.61,2016-06-27,95.49,93.4,95.0,46958911
301,94.49,2016-06-28,95.65,96.26,96.1,41851223
302,94.4,2016-06-29,96.11,95.03,95.07,38036813
303,96.7,2016-06-30,96.66,97.4,95.26,36207045
304,100.66,2016-07-01,97.46,98.05,97.82,26336584
305,97.52,2016-07-05,95.8,95.01,96.23,28642915
306,96.58,2016-07-06,98.5,94.75,98.9,30985720
307,99.55,2016-07-07,98.2,100.38,96.2,25178706
308,98.89,2016-07-08,99.88,97.45,100.79,29172668
309,100.79,2016-07-11,101.11,101.53,97.86,23857439
310,101.82,2016-07-12,102.5,98.97,101.04,24958178
311,99.2,2016-07-13,100.67,97.32,100.07,26637670
312,99.33,2016-07-14,101.44,100.74,99.12,40799650
313,100.55,2016-07-15,100.3,102.0,102.7,31315001
314,101.3,2016-07-18,101.47,101.8,99.9,36984289
315,103.81,2016-07-19,102.0,101.41,102.65,24574080
316,103.72,2016-07-20,100.64,99.97,101.0,26580157
317,99.85,2016-07-21,106.0,99.51,101.92,33434789
318,99.65,2016-07-22,101.0,99.92,101.01,29239534
319,99.11,2016-07-25,102.05,100.66,99.72,40615365
320,101.13,2016-07-26,99.72,99.34,100.62,57599438
321,104.09,2016-07-27,104.43,105.36,109.2,96431453
322,108.13,2016-07-28,104.88,103.87,103.2,41311965
323,105.49,2016-07-29,105.59,107.19,105.61,27776610
324,111.01,2016-08-01,108.36,107.9,108.49,38806579
325,106.94,2016-08-02,111.02,108.0,111.22,34153815
326,107.41,2016-08-03,108.59,105.38,107.47,31006132
327,110.0,2016-08-04,108.0,110.48,105.84,27862159
328,112.01,2016-08-05,109.73,106.29,110.32,40671240
329,113.05,2016-08-08,110.12,107.64,109.14,28396178
330,111.49,2016-08-09,109.14,110.89,109.29,27308460
331,112.0,2016-08-10,110.7,110.27,113.07,25044614
332,112.7,2016-08-11,109.89,112.69,110.76,27737859
333,110.46,2016-08-12,111.26,108.68,108.2,18851117
334,113.36,2016-08-15,110.48,108.55,109.48,26303941
335,111.1,2016-08-16,112.8,109.71,113.65,34609628
336,110.92,2016-08-17,114.7,109.37,110.7,25955472
337,112.99,2016-08-18,113.3,109.72,110.27,23062029
338,114.11,2016-08-19,112.44,110.12,114.06,25432796
339,113.49,2016-08-22,109.7,111.58,112.99,26886897
340,110.62,2016-08-23,110.02,110.7,113.57,21976026
341,112.59,2016-08-24,109.35,110.93,112.43,23941063
342,111.91,2016-08-25,108.5,107.45,109.86,25138819
343,110.09,2016-08-26,108.87,109.89,110.96,28204858
344,110.59,2016-08-29,110.78,106.99,111.05,25934532
345,110.0,2016-08-30,107.8,108.1,107.7,26062168
346,110.6,2016-08-31,109.17,109.34,109.65,29670992
347,107.34,2016-09-01,108.8,107.57,108.83,27243448
348,112.19,2016-09-02,110.0,110.11,112.1,28066399
349,111.3,2016-09-06,111.4,111.55,108.7,27180611
350,110.48,2016-09-07,112.55,108.67,110.28,43993696
351,109.74,2016-09-08,112.0,105.8,111.96,55339453
352,107.04,2016-09-09,108.68,104.55,105.31,48543483
353,110.31,2016-09-12,109.16,106.02,106.78,47147738
354,110.5,2016-09-13,109.16,108.26,112.72,62478802
355,114.3,2016-09-14,115.59,111.6,110.14,117078362
356,118.86,2016-09-15,117.76,114.94,118.56,92274715
357,117.86,2016-09-16,120.95,118.45,119.91,80300875
358,114.61,2016-09-19,118.03,115.15,117.64,48720442
359,114.88,2016-09-20,115.18,116.36,114.78,35336361
360,113.89,2016-09-21,118.78,115.03,118.2,37321641
361,118.69,2016-09-22,118.29,115.0,116.99,31846955
362,116.87,2016-09-23,119.21,116.02,118.96,54450596
363,118.15,2016-09-26,114.1,115.39,111.68,31028129
364,116.09,2016-09-27,118.13,117.82,117.0,25469500
365,114.67,2016-09-28,117.55,115.51,117.85,29940281
366,117.57,2016-09-29,116.0,116.5,118.72,37636685
367,113.27,2016-09-30,118.26,112.8,112.8,36725901
368,112.71,2016-10-03,118.65,115.62,116.6,22585440
369,115.0,2016-10-04,116.09,116.53,118.62,29826209
370,118.51,2016-10-05,114.85,115.88,117.5,22157465
371,115.17,2016-10-06,117.27,117.99,117.9,30130900
372,115.99,2016-10-07,120.09,116.63,119.4,25511541
373,119.94,2016-10-10,119.4,116.13,119.62,37490063
374,119.1,2016-10-11,120.62,121.1,120.4,64564886
375,121.78,2016-10-12,121.83,118.03,118.52,38948286
376,118.66,2016-10-13,118.18,116.03,118.79,35684773
377,119.46,2016-10-14,120.69,118.69,118.93,36604462
378,118.53,2016-10-17,120.84,117.09,118.07,24019482
379,121.12,2016-10-18,120.8,117.54,119.98,25772427
380,120.04,2016-10-19,120.14,118.1,119.96,20302914
381,121.68,2016-10-20,118.39,116.91,116.93,24194098
382,117.8,2016-10-21,120.68,120.77,117.57,23214112
383,118.43,2016-10-24,120.81,120.0,119.3,23851709
384,118.43,2016-10-25,118.39,119.65,123.42,48581735
385,117.56,2016-10-26,121.3,117.04,117.37,67835033
386,116.28,2016-10-27,121.23,117.3,116.99,35308802
387,118.38,2016-10-28,118.59,118.47,114.23,39063125
388,116.06,2016-10-31,119.09,113.7,117.41,26463404
389,113.72,2016-11-01,115.93,111.18,115.61,44757126
390,115.74,2016-11-02,113.56,111.58,116.9,29626981
391,110.53,2016-11-03,113.01,114.28,111.89,27940495
392,113.55,2016-11-04,111.74,108.53,109.6,31603598
393,111.19,2016-11-07,115.75,112.29,115.36,34127685
394,115.19,2016-11-08,113.75,111.8,111.46,24405275
395,115.65,2016-11-09,114.48,112.31,111.29,61606654
396,110.16,2016-11-10,112.56,109.99,115.27,57265799
397,111.99,2016-11-11,110.57,109.47,112.34,34493518
398,108.22,2016-11-14,112.21,108.35,108.64,52891224
399,110.01,2016-11-15,109.11,108.95,109.03,33340814
400,114.5,2016-11-16,115.56,108.3,111.8,60628658
401,112.09,2016-11-17,112.13,111.12,115.19,28866700
402,111.22,2016-11-18,110.59,113.98,111.3,29350485
403,113.67,2016-11-21,117.25,114.45,111.42,29958606
404,112.3,2016-11-22,117.56,112.5,116.5,26347536
405,113.36,2016-11-23,114.49,112.13,115.8,28599875
406,114.13,2016-11-25,114.66,115.79,115.53,11577917
407,116.84,2016-11-28,112.93,115.29,113.98,28551602
408,113.69,2016-11-29,113.36,114.18,112.45,29681367
409,115.95,2016-11-30,113.6,111.72,115.9,37921262
410,111.97,2016-12-01,111.11,112.78,111.84,37633267
411,115.0,2016-12-02,112.21,113.77,112.18,26859293
412,110.84,2016-12-05,115.5,112.73,111.0,35821075
413,112.18,2016-12-06,115.72,109.69,110.2,27321394
414,115.38,2016-12-07,113.11,112.55,113.43,30117175
415,113.37,2016-12-08,113.64,115.1,113.43,27871457
416,114.62,2016-12-09,115.5,112.94,114.0,35589394
417,114.2,2016-12-12,120.0,115.59,116.78,27607742
418,118.52,2016-12-13,121.59,118.74,119.11,45546278
419,116.61,2016-12-14,118.6,118.93,119.06,35264143
420,116.5,2016-12-15,122.45,118.48,116.82,46961612
421,120.91,2016-12-16,119.3,120.03,118.62,44577520
422,117.0,2016-12-19,121.82,115.97,119.0,28055862
423,121.75,2016-12-20,121.1,117.86,117.21,21757687
424,120.0,2016-12-21,123.2,120.58,117.7,24876557
425,122.07,2016-12-22,120.11,120.6,119.05,26508179
426,119.69,2016-12-23,117.93,120.78,117.77,14304552
427,119.19,2016-12-27,122.8,117.08,120.0,18462479
428,117.23,2016-12-28,122.55,118.2,122.25,21058156
429,117.12,2016-12-29,117.97,122.2,119.43,15152471
430,121.48,2016-12-30,118.2,119.51,118.28,31954704
431,116.98,2017-01-03,121.87,118.16,116.6,29612483
432,117.67,2017-01-04,117.2,117.49,119.65,22040737
433,117.22,2017-01-05,118.34,120.21,116.5,22736303
434,120.31,2017-01-06,122.69,117.61,120.75,33003150
435,124.44,2017-01-09,121.33,122.11,119.68,34899290
436,120.8,2017-01-10,123.24,123.3,119.83,24514671
437,122.12,2017-01-11,121.18,121.9,124.03,28588889
438,121.96,2017-01-12,123.1,122.91,122.1,28147700
439,121.31,2017-01-13,119.68,120.34,120.23,26987073
440,123.0,2017-01-17,120.86,121.2,123.29,35882438
441,121.15,2017-01-18,123.9,125.36,122.0,24127143
442,120.59,2017-01-19,122.29,123.33,122.8,26792210
443,121.0,2017-01-20,122.0,120.76,124.16,32784696
444,124.14,2017-01-23,125.2,122.17,125.0,22135949
445,121.33,2017-01-24,121.1,120.3,119.64,23545884
446,124.43,2017-01-25,127.0,122.85,123.37,34206325
447,125.34,2017-01-26,128.4,124.5,122.65,27548597
448,126.34,2017-01-27,123.62,121.8,122.36,21570639
449,121.67,2017-01-30,125.15,125.63,121.59,31371345
450,121.64,2017-01-31,126.86,125.71,123.47,49332503
451,129.82,2017-02-01,136.15,129.58,127.76,116051812
452,134.53,2017-02-02,130.95,131.15,130.08,34454969
453,132.82,2017-02-03,131.0,128.33,129.03,25270732
454,130.43,2017-02-06,134.5,131.9,129.74,27028605
455,135.59,2017-02-07,138.26,131.19,132.1,39066042
456,137.42,2017-02-08,138.11,137.76,135.46,23820265
457,137.15,2017-02-09,134.84,134.63,137.36,29481734
458,134.36,2017-02-10,133.11,135.65,137.98,20223666
459,139.34,2017-02-13,138.33,137.95,138.92,23730095
460,135.35,2017-02-14,135.59,133.3,137.9,34528778
461,139.61,2017-02-15,140.05,140.29,141.74,36195272
462,139.53,2017-02-16,135.9,140.64,137.46,23345356
463,139.07,2017-02-17,139.15,138.6,137.4,22530196
464,143.0,2017-02-21,140.51,138.58,138.11,25175414
465,143.87,2017-02-22,137.8,141.19,142.0,21048316
466,141.16,2017-02-23,141.49,140.9,142.12,20891351
467,138.92,2017-02-24,142.59,135.84,137.09,22035044
468,142.8,2017-02-27,138.11,138.47,142.76,20355975
469,141.05,2017-02-28,139.5,142.9,138.49,24309841
470,144.86,2017-03-01,141.45,141.7,141.8,37717914
471,140.06,2017-03-02,146.35,139.07,146.0,26831008
472,140.81,2017-03-03,141.51,144.8,142.52,21721285
473,144.43,2017-03-06,144.74,142.4,146.33,22267282
474,143.95,2017-03-07,141.11,141.08,141.09,18308952
475,140.0,2017-03-08,139.9,140.97,140.66,18880172
476,142.0,2017-03-09,140.78,141.83,141.62,23143687
477,142.41,2017-03-10,139.65,144.8,144.14,20365813
478,142.1,2017-03-13,143.75,142.38,144.25,17804692
479,144.24,2017-03-14,139.89,141.07,142.8,15334813
480,142.82,2017-03-15,147.55,141.24,145.22,25766913
481,143.89,2017-03-16,143.38,140.36,146.71,19289366
482,146.46,2017-03-17,141.0,143.75,145.0,44985257
483,141.62,2017-03-20,143.0,144.26,143.0,21802373
484,141.76,2017-03-21,146.7,140.14,147.88,40917940
485,146.11,2017-03-22,143.6,142.62,143.0,27074158
486,143.15,2017-03-23,141.68,141.95,142.05,21054381
487,147.04,2017-03-24,144.45,144.92,142.7,23145925
488,141.82,2017-03-27,146.77,139.11,139.39,24704021
489,147.7,2017-03-28,148.05,144.3,144.27,33889865
490,148.03,2017-03-29,144.61,148.98,150.5,30106095
491,148.84,2017-03-30,149.6,147.3,148.42,21680492
492,143.99,2017-03-31,151.18,145.93,150.2,19685608
493,150.2,2017-04-03,144.8,149.75,145.23,20074084
494,146.2,2017-04-04,150.19,148.54,146.37,20391236
495,147.79,2017-04-05,149.53,147.29,145.46,29003411
496,147.49,2017-04-06,145.12,149.52,151.33,21527474
497,145.96,2017-04-07,147.62,147.28,146.02,16717485
498,145.09,2017-04-10,144.27,144.9,147.9,19737101
499,147.49,2017-04-11,148.85,146.34,147.09,31258919
500,142.4,2017-04-12,143.92,141.71,146.1,20999294
501,142.4,2017-04-13,148.17,142.19,144.82,18457190
502,144.09,2017-04-17,147.7,142.79,147.95,16842859
503,147.2,2017-04-18,143.98,148.15,142.97,15163806
504,147.12,2017-04-19,147.0,141.42,146.21,17640409
505,145.83,2017-04-20,143.92,145.49,141.81,24159980
506,143.15,2017-04-21,148.25,145.69,143.21,17566968
507,149.81,2017-04-24,144.5,147.8,145.9,17744461
508,150.96,2017-04-25,149.1,149.38,150.25,19155265
509,148.43,2017-04-26,151.4,144.52,151.48,20533522
510,145.34,2017-04-27,148.96,148.12,145.53,14460378
511,148.96,2017-04-28,150.8,146.85,149.28,21110317
512,151.91,2017-05-01,149.2,147.03,151.6,33722865
513,151.02,2017-05-02,154.47,152.88,154.04,46700891
514,150.63,2017-05-03,154.35,147.82,147.89,46209778
515,152.32,2017-05-04,150.61,149.87,152.06,24488839
516,150.83,2017-05-05,155.69,149.08,152.16,27852844
517,157.08,2017-05-08,158.2,154.05,155.94,49135601
518,154.16,2017-05-09,159.15,157.42,160.3,39316142
519,155.04,2017-05-10,153.95,153.11,157.18,26337652
520,157.23,2017-05-11,155.99,158.56,159.57,27933635
521,158.2,2017-05-12,162.55,160.88,161.2,33908821
522,161.8,2017-05-15,162.02,158.84,160.85,26451371
523,156.27,2017-05-16,159.98,158.75,163.47,21016048
524,151.76,2017-05-17,159.68,153.52,156.2,52276147
525,154.68,2017-05-18,156.86,154.75,155.54,33966516
526,156.87,2017-05-19,154.65,158.79,153.78,27581354
527,156.1,2017-05-22,161.67,156.78,161.0,23296778
528,159.5,2017-05-23,161.4,156.07,161.7,20358723
529,160.52,2017-05-24,160.39,153.55,154.85,19704588
530,160.33,2017-05-25,155.42,153.24,156.39,19400315
531,157.63,2017-05-26,160.88,155.73,157.0,22951686
532,160.11,2017-05-30,160.06,158.08,157.57,20389213
533,159.52,2017-05-31,160.94,152.71,159.45,25360574
534,159.93,2017-06-01,160.44,152.9,153.84,16599826
535,159.27,2017-06-02,162.58,153.46,156.29,28390196
536,157.72,2017-06-05,155.23,159.99,154.79,25899531
537,158.63,2017-06-06,161.67,157.96,158.7,27679718
538,155.37,2017-06-07,159.04,154.99,159.6,22031510
539,159.02,2017-06-08,156.33,154.8,162.96,21750714
540,155.77,2017-06-09,159.75,149.18,156.88,66891680
541,152.08,2017-06-12,149.22,143.33,151.76,75547179
542,151.41,2017-06-13,148.26,146.6,152.18,34893010
543,145.98,2017-06-14,150.2,150.52,150.0,31591990
544,146.4,2017-06-15,149.25,142.86,144.85,32852182
545,146.83,2017-06-16,144.8,147.1,147.87,51778585
546,149.55,2017-06-19,150.64,148.74,147.9,33849088
547,150.19,2017-06-20,153.06,149.89,150.23,25430629
548,148.27,2017-06-21,152.32,145.84,145.93,21621614
549,152.64,2017-06-22,151.2,151.49,147.01,19755182
550,149.33,2017-06-23,150.0,146.2,145.91,36965259
551,151.04,2017-06-26,149.68,151.13,151.85,25990542
552,149.21,2017-06-27,150.65,149.33,147.18,25396970
553,148.93,2017-06-28,147.96,144.22,150.32,22461384
554,150.69,2017-06-29,147.55,145.14,151.64,32080906
555,148.03,2017-06-30,149.14,146.29,144.58,23147049
556,147.6,2017-07-03,145.8,146.0,145.33,14357181
557,145.49,2017-07-05,151.06,146.53,149.37,22304733
558,147.94,2017-07-06,149.9,149.38,144.91,24463814
559,148.2,2017-07-07,148.57,148.0,148.1,19265077
560,147.4,2017-07-10,151.44,146.76,149.09,21575908
561,149.37,2017-07-11,152.59,147.75,151.18,20094741
562,150.74,2017-07-12,150.97,146.08,145.96,24985249
563,151.96,2017-07-13,155.82,147.18,150.8,25297759
564,151.15,2017-07-14,154.5,149.91,150.02,20270270
565,151.87,2017-07-17,158.2,153.09,150.37,24652348
566,155.21,2017-07-18,151.36,149.4,154.5,18008335
567,152.65,2017-07-19,152.67,154.22,156.74,21463829
568,157.67,2017-07-20,155.25,153.52,153.2,17330108
569,152.52,2017-07-21,152.94,156.23,151.85,27153793
570,158.51,2017-07-24,153.52,152.5,155.64,22378887
571,160.34,2017-07-25,159.04,156.7,158.4,19168275
572,154.33,2017-07-26,155.69,159.14,158.42,15887191
573,154.33,2017-07-27,155.12,147.5,158.43,32991074
574,151.2,2017-07-28,153.58,154.44,154.86,17958275
575,152.97,2017-07-31,153.64,153.19,155.0,20143693
576,154.1,2017-08-01,155.99,154.78,156.1,36957202
577,162.88,2017-08-02,160.32,158.74,160.21,71315494
578,155.89,2017-08-03,162.13,155.4,160.16,27409049
579,156.98,2017-08-04,161.4,157.93,158.71,20691746
580,163.65,2017-08-07,163.48,163.02,159.91,21907500
581,162.92,2017-08-08,167.48,161.34,160.5,37778821
582,162.49,2017-08-09,166.77,160.32,159.43,27065600
583,158.25,2017-08-10,163.0,159.42,166.4,41801953
584,158.24,2017-08-11,165.73,159.02,163.8,27245879
585,161.47,2017-08-14,161.33,160.13,167.23,22728654
586,161.7,2017-08-15,170.2,160.99,160.72,30537033
587,161.56,2017-08-16,163.34,167.48,166.04,29039187
588,160.44,2017-08-17,161.41,163.62,166.24,28684350
589,163.3,2017-08-18,164.0,161.73,162.86,27987892
590,157.42,2017-08-21,160.73,158.45,163.4,26857984
591,161.02,2017-08-22,161.0,160.37,158.63,21796702
592,163.81,2017-08-23,168.16,165.87,166.17,19743410
593,161.97,2017-08-24,164.88,163.77,167.03,20323998
594,167.5,2017-08-25,166.6,166.4,161.2,25520512
595,162.31,2017-08-28,162.0,165.45,162.49,26382612
596,168.93,2017-08-29,169.16,166.0,162.3,30001368
597,164.77,2017-08-30,167.22,164.61,166.2,28213302
598,170.0,2017-08-31,165.53,169.63,163.71,27710840
599,168.04,2017-09-01,172.23,164.99,167.7,17026205
600,164.04,2017-09-05,171.79,161.41,166.22,30439012
601,162.39,2017-09-06,167.16,166.68,165.51,22099460
602,162.94,2017-09-07,162.55,161.28,168.34,22193615
603,164.05,2017-09-08,165.83,166.14,164.69,29294499
604,169.3,2017-09-11,167.04,162.34,166.7,32052038
605,167.13,2017-09-12,164.56,163.94,167.4,73232021
606,161.68,2017-09-13,167.62,164.04,163.45,46464457
607,164.23,2017-09-14,163.1,160.94,162.64,24140367
608,163.01,2017-09-15,164.23,164.0,158.54,50178031
609,159.13,2017-09-18,164.4,164.0,162.03,28893274
610,159.92,2017-09-19,163.78,163.08,161.58,21610889
611,156.29,2017-09-20,161.15,158.79,160.4,55512909
612,156.81,2017-09-21,158.5,156.83,163.1,37979811
613,152.16,2017-09-22,157.64,152.83,152.97,48592303
614,155.81,2017-09-25,152.31,151.67,154.7,44458970
615,154.04,2017-09-26,155.95,157.26,156.32,37513092
616,157.98,2017-09-27,159.88,154.52,160.6,26290820
617,155.45,2017-09-28,160.18,159.1,160.41,22401702
618,155.93,2017-09-29,160.9,155.0,160.02,27581669
619,154.6,2017-10-02,162.05,155.33,160.18,19456049
620,159.92,2017-10-03,161.07,155.44,161.28,16414158
621,157.55,2017-10-04,158.56,160.03,154.31,20265292
622,161.15,2017-10-05,159.7,156.93,156.44,21841413
623,160.6,2017-10-06,159.64,159.26,155.0,17978191
624,157.71,2017-10-09,164.32,157.62,158.86,16329938
625,162.7,2017-10-10,162.0,157.5,158.35,15932825
626,163.71,2017-10-11,158.94,161.77,156.08,17111443
627,159.0,2017-10-12,158.38,156.82,163.49,16573194
628,159.51,2017-10-13,160.15,159.44,159.65,16993005
629,162.5,2017-10-16,162.0,160.46,163.2,24201266
630,167.44,2017-10-17,163.66,166.16,164.78,19938684
631,162.3,2017-10-18,162.98,165.1,162.83,16647985
632,158.02,2017-10-19,162.53,160.79,158.24,43662626
633,160.45,2017-10-20,164.99,157.44,156.92,24434055
634,156.47,2017-10-23,159.7,156.5,158.0,22838950
635,158.0,2017-10-24,160.98,157.4,162.3,18308744
636,158.68,2017-10-25,161.76,158.49,162.21,22103507
637,162.97,2017-10-26,159.18,160.86,159.4,17287640
638,167.57,2017-10-27,165.3,161.1,161.04,46499324
639,167.85,2017-10-30,173.82,167.48,169.72,45749239
640,169.81,2017-10-31,175.07,170.9,170.4,36689677
641,173.44,2017-11-01,173.92,171.47,172.66,34813641
642,174.14,2017-11-02,171.9,167.05,175.71,41586860
643,174.9,2017-11-03,176.97,175.49,183.0,60156256
644,175.73,2017-11-06,180.13,175.51,179.76,35839512
645,177.33,2017-11-07,181.15,180.6,177.69,24971922
646,185.01,2017-11-08,180.18,176.02,177.83,24735575
647,182.41,2017-11-09,176.6,180.89,178.24,30678272
648,178.94,2017-11-10,179.7,180.9,182.45,25393014
649,179.41,2017-11-13,179.7,174.9,181.4,17552037
650,178.61,2017-11-14,180.42,175.89,180.47,25670264
651,169.94,2017-11-15,170.38,176.6,174.36,30504829
652,175.1,2017-11-16,176.44,175.9,178.24,23878883
653,176.23,2017-11-17,178.69,177.6,172.92,22241653
654,170.42,2017-11-20,174.66,172.03,175.45,16360525
655,181.5,2017-11-21,180.4,171.56,177.23,25866422
656,183.03,2017-11-22,183.0,181.53,177.9,25826947
657,179.92,2017-11-24,179.2,177.25,178.7,14326515
658,177.19,2017-11-27,179.97,173.81,177.47,21229197
659,180.46,2017-11-28,180.92,172.29,175.3,27229549
660,174.36,2017-11-29,178.78,173.17,179.03,43484859
661,174.81,2017-11-30,174.45,168.75,170.67,42862978
662,172.3,2017-12-01,172.36,174.0,174.16,41256462
663,170.7,2017-12-04,180.83,172.83,173.88,33387030
664,174.46,2017-12-05,177.76,170.1,169.6,28597611
665,176.72,2017-12-06,177.0,170.58,170.0,29725821
666,172.55,2017-12-07,175.08,173.07,173.81,26453844
667,173.12,2017-12-08,171.0,174.65,171.78,23999799
668,175.92,2017-12-11,179.23,169.6,176.8,35382748
669,174.0,2017-12-12,175.29,175.32,176.04,20237968
670,172.41,2017-12-13,179.16,176.0,177.7,24200125
671,179.41,2017-12-14,173.37,178.31,179.8,21379276
672,177.59,2017-12-15,179.33,177.71,175.92,41540240
673,176.43,2017-12-18,181.8,176.18,181.47,29993513
674,176.44,2017-12-19,182.23,181.59,179.49,27919798
675,181.91,2017-12-20,178.05,174.2,180.51,24341549
676,182.91,2017-12-21,182.08,179.8,178.77,21931767
677,179.21,2017-12-22,175.85,182.4,176.21,16824822
678,174.55,2017-12-26,179.41,170.28,172.8,33526284
679,176.3,2017-12-27,176.24,176.6,178.6,22192257
680,171.7,2017-12-28,171.92,170.92,179.0,16938496
681,171.81,2017-12-29,175.21,177.28,171.16,27038504
682,177.71,2018-01-02,180.6,171.2,172.8,25613010
683,177.63,2018-01-03,176.18,178.67,178.49,29684983
684,179.61,2018-01-04,175.62,172.28,180.58,23331362
685,178.0,2018-01-05,177.82,175.78,174.89,24310836
686,182.79,2018-01-08,179.43,181.24,177.79,20857707
687,182.81,2018-01-09,179.34,173.5,183.26,22595034
688,175.83,2018-01-10,177.0,174.0,180.72,24336958
689,177.72,2018-01-11,176.23,177.79,180.57,19074071
690,177.46,2018-01-12,177.47,182.66,176.92,25498909
691,181.22,2018-01-16,187.71,181.4,179.6,30941476
692,185.3,2018-01-17,181.55,183.54,178.5,35070630
693,180.65,2018-01-18,180.2,182.6,186.05,32302930
694,183.47,2018-01-19,181.48,183.92,182.63,33166315
695,180.0,2018-01-22,179.75,180.4,183.6,27224031
696,185.34,2018-01-23,185.32,178.01,183.4,32795720
697,182.13,2018-01-24,185.7,179.8,179.36,53507443
698,176.04,2018-01-25,178.88,171.07,178.73,41747793
699,178.89,2018-01-26,175.0,173.12,172.0,40021600
700,170.23,2018-01-29,171.77,174.15,177.6,52119652
701,173.1,2018-01-30,174.59,170.0,171.98,47255852
702,174.83,2018-01-31,174.88,168.6,171.89,33902841
703,172.43,2018-02-01,175.88,170.38,169.25,47604863
704,164.8,2018-02-02,167.2,167.6,166.0,87160457
705,158.84,2018-02-05,171.8,160.0,166.6,76347115
706,166.59,2018-02-06,166.18,161.0,162.48,68999672
707,166.67,2018-02-07,168.8,164.51,165.05,52398010
708,159.13,2018-02-08,162.0,156.82,161.36,55416107
709,161.46,2018-02-09,163.2,150.42,160.59,72984642
710,169.58,2018-02-12,171.52,158.57,162.2,61998378
711,169.64,2018-02-13,167.49,162.1,162.85,32573724
712,174.62,2018-02-14,174.05,164.58,165.06,42225889
713,177.68,2018-02-15,176.83,175.0,172.64,53179092
714,174.79,2018-02-16,178.27,176.2,179.3,40937103
715,174.0,2018-02-20,181.78,174.54,174.83,34439562
716,174.93,2018-02-21,177.03,174.88,178.03,39316457
717,177.0,2018-02-22,175.9,176.87,175.5,31599155
718,177.1,2018-02-23,176.49,178.05,175.34,34205870
719,183.2,2018-02-26,185.91,177.73,180.31,38550545
720,178.74,2018-02-27,184.25,185.85,180.4,39350826
721,183.84,2018-02-28,187.96,180.34,188.22,38370524
722,182.0,2018-03-01,188.02,173.88,187.41,48826578
723,176.87,2018-03-02,179.9,179.24,174.5,38748667
724,183.1,2018-03-05,183.61,177.28,178.17,29259904
725,179.53,2018-03-06,184.23,180.22,185.81,24932046
726,181.63,2018-03-07,179.76,179.94,183.02,32425406
727,178.75,2018-03-08,184.15,179.6,180.68,24030426
728,181.2,2018-03-09,182.0,182.16,184.3,32802097
729,183.58,2018-03-12,186.55,186.96,188.18,32567776
730,188.92,2018-03-13,187.9,183.14,187.97,32930012
731,184.64,2018-03-14,188.81,183.55,182.65,29651966
732,181.5,2018-03-15,187.62,183.77,182.3,23196365
733,180.82,2018-03-16,181.5,178.87,181.8,41208190
734,181.6,2018-03-19,180.77,176.21,183.93,33572777
735,183.51,2018-03-20,180.1,178.46,179.02,20517288
736,176.32,2018-03-21,179.02,179.13,181.23,37850878
737,172.42,2018-03-22,180.85,171.2,174.0,42673647
738,167.02,2018-03-23,172.91,171.51,170.34,42132595
739,176.83,2018-03-26,177.6,170.33,171.43,38409990
740,168.88,2018-03-27,181.47,166.95,181.31,42215406
741,173.26,2018-03-28,177.36,170.39,174.28,43464527
742,170.69,2018-03-29,177.52,171.5,170.51,39494437
743,167.92,2018-04-02,170.16,171.08,171.37,37709515
744,170.44,2018-04-03,175.79,166.03,173.92,30598160
745,171.69,2018-04-04,177.47,167.03,166.37,34750697
746,176.1,2018-04-05,180.39,175.95,177.87,27747583
747,173.97,2018-04-06,179.09,175.6,179.06,35499651
748,172.07,2018-04-09,174.52,172.61,174.35,30178793
749,175.71,2018-04-10,175.0,172.22,174.0,29111439
750,178.1,2018-04-11,179.08,174.3,180.12,23432205
751,180.74,2018-04-12,179.0,176.86,177.92,23864183
752,176.01,2018-04-13,180.26,176.61,179.14,25676848
753,179.18,2018-04-16,179.87,179.92,183.1,22113572
754,186.15,2018-04-17,182.21,184.5,182.72,27515770
755,183.12,2018-04-18,180.75,184.85,186.37,21506431
756,173.1,2018-04-19,181.47,173.15,176.94,34976977
757,171.27,2018-04-20,173.86,171.08,178.8,67897930
758,166.91,2018-04-23,171.66,169.66,166.98,37024711
759,169.86,2018-04-24,170.93,167.37,173.34,34922419
760,163.78,2018-04-25,171.33,169.76,167.1,29096307
761,172.32,2018-04-26,171.2,171.35,172.22,28661631
762,164.92,2018-04-27,165.46,167.16,166.0,36369775
763,173.46,2018-04-30,168.4,167.35,166.35,43562381
764,171.3,2018-05-01,171.8,166.1,168.01,55935552
765,176.69,2018-05-02,178.85,175.0,183.38,69414524
766,179.44,2018-05-03,184.6,179.98,181.37,34171209
767,184.23,2018-05-04,186.35,180.09,178.36,58266640
768,186.47,2018-05-07,192.03,192.4,185.9,43310761
769,189.52,2018-05-08,194.39,192.82,192.06,28601935
770,192.25,2018-05-09,188.1,190.15,193.8,24134515
771,199.11,2018-05-10,193.8,196.65,191.96,28209464
772,192.64,2018-05-11,196.64,189.6,190.29,27316630
773,192.38,2018-05-14,191.34,192.63,197.26,21559743
774,194.78,2018-05-15,195.46,185.4,191.26,24754588
775,192.17,2018-05-16,188.49,193.0,193.78,19311764
776,188.99,2018-05-17,191.92,186.66,190.0,17700325
777,190.65,2018-05-18,189.72,193.39,193.79,19104677
778,194.18,2018-05-21,189.92,192.58,193.0,18475806
779,189.58,2018-05-22,194.38,193.85,192.56,15808301
780,190.47,2018-05-23,194.9,193.16,194.94,20913547
781,190.68,2018-05-24,194.52,193.94,194.31,23477467
782,191.28,2018-05-25,196.59,195.3,195.36,17937675
783,188.2,2018-05-29,188.91,193.3,189.8,23388429
784,195.0,2018-05-30,191.0,193.46,192.81,19094967
785,187.93,2018-05-31,191.85,187.1,187.5,27925427
786,191.07,2018-06-01,191.86,193.83,193.69,23775751
787,199.64,2018-06-04,194.19,197.5,197.19,27156540
788,198.24,2018-06-05,200.18,198.65,194.92,22589471
789,198.7,2018-06-06,201.5,193.14,198.76,21617699
790,202.99,2018-06-07,195.5,198.57,199.61,21398419
791,194.9,2018-06-08,195.0,195.68,197.81,27258994
792,199.61,2018-06-11,198.87,192.32,193.51,18443369
793,198.7,2018-06-12,196.74,197.96,194.47,17253328
794,191.9,2018-06-13,194.8,194.84,192.59,22263575
795,198.0,2018-06-14,198.16,190.7,198.54,22285567
796,190.14,2018-06-15,197.59,197.65,198.02,62491824
797,194.57,2018-06-18,191.8,187.8,193.21,18780644
798,187.99,2018-06-19,190.6,188.5,194.06,34068936
799,192.0,2018-06-20,195.1,189.16,190.59,20975825
800,186.83,2018-06-21,196.96,188.13,193.64,26787281
801,190.85,2018-06-22,194.06,190.0,187.26,27761563
802,187.29,2018-06-25,188.87,184.38,183.8,32861301
803,192.88,2018-06-26,192.92,189.45,183.74,25537385
804,188.41,2018-06-27,195.63,190.43,194.46,25774378
805,190.5,2018-06-28,186.56,190.3,191.8,18087420
806,190.91,2018-06-29,191.19,184.12,186.4,23776182
807,188.07,2018-07-02,191.9,185.42,186.94,18345076
808,192.01,2018-07-03,191.68,189.99,195.97,14003996
809,190.3,2018-07-05,193.2,190.12,187.38,17316083
810,191.58,2018-07-06,191.23,193.2,188.2,17593803
811,193.75,2018-07-09,197.25,189.8,195.1,20423532
812,196.66,2018-07-10,200.37,191.94,195.05,16705780
813,195.55,2018-07-11,191.57,188.65,196.6,19075688
814,196.15,2018-07-12,197.64,189.44,196.38,18406603
815,194.37,2018-07-13,194.08,195.8,197.99,12562355
816,192.18,2018-07-16,192.9,193.62,198.26,15603976
817,192.6,2018-07-17,196.25,196.9,194.79,15678738
818,193.1,2018-07-18,193.1,198.64,195.68,16556915
819,194.52,2018-07-19,197.67,194.1,198.88,20320196
820,192.92,2018-07-20,198.51,193.76,199.65,20815052
821,199.21,2018-07-23,194.36,196.02,190.75,16679782
822,202.0,2018-07-24,201.05,194.92,198.35,19174952
823,197.77,2018-07-25,198.45,196.14,195.99,17443106
824,198.73,2018-07-26,201.96,197.91,203.18,19776213
825,199.32,2018-07-27,200.12,191.1,198.46,24572189
826,198.39,2018-07-30,197.7,192.96,193.5,21805579
827,194.14,2018-07-31,193.59,194.1,196.9,39878805
828,208.3,2018-08-01,211.03,205.11,202.75,69124358
829,210.39,2018-08-02,216.26,209.94,201.11,63407351
830,215.01,2018-08-03,212.41,211.22,216.17,33526476
831,209.8,2018-08-06,216.71,216.13,211.0,25623196
832,214.41,2018-08-07,212.5,211.61,219.34,25623358
833,214.69,2018-08-08,209.32,211.32,206.21,22664391
834,211.23,2018-08-09,214.05,209.2,208.66,23931336
835,213.0,2018-08-10,210.4,212.9,216.81,25689130
836,216.43,2018-08-13,214.54,211.4,208.2,27104275
837,213.5,2018-08-14,215.17,210.25,215.6,21043246
838,214.11,2018-08-15,214.53,218.13,217.78,29524955
839,218.19,2018-08-16,213.93,217.74,215.31,28583133
840,223.6,2018-08-17,219.37,216.24,215.24,36679027
841,225.76,2018-08-20,227.62,220.83,221.5,30554067
842,219.09,2018-08-21,220.26,215.99,225.9,26656471
843,223.36,2018-08-22,217.98,219.66,221.3,19137035
844,219.62,2018-08-23,221.51,218.4,219.89,19399769
845,222.69,2018-08-24,219.5,223.81,226.3,18727852
846,220.05,2018-08-27,223.25,225.94,220.48,20956775
847,221.3,2018-08-28,225.15,219.87,226.57,23485780
848,232.88,2018-08-29,233.19,222.89,220.44,28302123
849,232.55,2018-08-30,230.07,232.1,227.97,50155380
850,228.81,2018-08-31,237.07,228.0,236.02,43444401
851,229.61,2018-09-04,239.87,237.13,236.0,28515258
852,236.92,2018-09-05,240.92,230.5,232.67,33591775
853,232.0,2018-09-06,236.19,225.4,233.04,35981905
854,231.9,2018-09-07,234.51,229.79,228.71,39218929
855,224.97,2018-09-10,230.25,218.93,230.41,40340170
856,225.04,2018-09-11,224.4,222.05,224.05,36696247
857,223.06,2018-09-12,233.0,225.52,236.09,51045763
858,233.51,2018-09-13,239.01,227.48,223.65,42370537
859,232.62,2018-09-14,231.46,232.53,236.09,32162489
860,220.49,2018-09-17,232.4,224.44,225.34,38266162
861,222.09,2018-09-18,222.07,226.68,217.97,33112795
862,226.57,2018-09-19,230.24,217.3,225.1,27710278
863,223.9,2018-09-20,233.04,226.31,225.5,27852051
864,220.65,2018-09-21,227.34,225.9,231.66,100121296
865,226.49,2018-09-24,223.36,227.1,221.08,28003451
866,226.79,2018-09-25,225.9,228.5,228.07,25639336
867,222.91,2018-09-26,231.19,229.02,224.0,24309886
868,231.31,2018-09-27,231.81,231.95,231.23,31274231
869,229.63,2018-09-28,232.12,226.6,233.35,24043112
870,236.13,2018-10-01,231.95,237.12,236.94,24070001
871,240.06,2018-10-02,240.0,227.45,232.35,25321685
872,239.57,2018-10-03,243.43,234.46,238.88,28828731
873,229.86,2018-10-04,236.81,230.2,232.06,32768191
874,233.11,2018-10-05,232.09,221.28,236.85,35180141
875,232.89,2018-10-08,228.2,223.7,222.21,30189677
876,233.64,2018-10-09,238.49,228.98,227.05,27592337
877,217.18,2018-10-10,234.27,216.11,233.17,42703875
878,222.84,2018-10-11,222.4,219.7,214.6,55420028
879,227.36,2018-10-12,224.36,226.65,224.19,40644100
880,225.17,2018-10-15,226.82,225.51,226.56,30972706
881,222.2,2018-10-16,223.05,218.72,225.82,30357569
882,230.64,2018-10-17,225.31,219.85,224.6,23423235
883,226.13,2018-10-18,222.52,222.0,219.41,33381813
884,220.77,2018-10-19,222.38,226.42,218.33,33940878
885,222.96,2018-10-22,223.65,223.04,220.86,30184553
886,231.6,2018-10-23,233.79,218.6,216.16,39818201
887,217.23,2018-10-24,233.1,216.62,227.7,41970487
888,222.5,2018-10-25,228.01,222.72,221.81,30564064
889,225.7,2018-10-26,226.52,214.25,220.0,47958746
890,220.5,2018-10-29,227.05,206.46,230.12,48224253
891,215.0,2018-10-30,225.33,210.5,212.27,37231647
892,227.92,2018-10-31,226.66,226.93,224.01,39489457
893,232.25,2018-11-01,225.76,219.33,222.63,61033462
894,216.31,2018-11-02,221.47,207.65,215.84,91602158
895,207.78,2018-11-05,206.64,203.8,208.7,67294454
896,205.54,2018-11-06,211.99,207.23,209.48,33250990
897,212.96,2018-11-07,211.76,211.89,210.82,34316289
898,216.32,2018-11-08,215.46,211.64,218.42,26608161
899,210.88,2018-11-09,210.48,212.27,205.71,35257228
900,198.17,2018-11-12,208.88,197.11,202.0,51536642
901,194.76,2018-11-13,198.96,198.17,194.99,48233821
902,195.8,2018-11-14,203.61,194.51,202.4,60844162
903,200.59,2018-11-15,194.46,194.5,193.06,46795139
904,198.4,2018-11-16,203.59,193.78,191.2,36941401
905,186.19,2018-11-19,193.6,192.32,195.0,42141635
906,181.06,2018-11-20,185.93,177.62,179.79,69683240
907,178.4,2018-11-21,183.27,178.06,180.52,32254627
908,178.34,2018-11-23,181.1,177.5,175.54,23927657
909,181.65,2018-11-26,178.56,176.08,176.44,45217040
910,175.85,2018-11-27,176.12,174.65,177.65,42314861
911,187.71,2018-11-28,189.87,177.58,183.52,48155925
912,181.79,2018-11-29,187.4,182.1,182.78,42967899
913,183.77,2018-11-30,188.62,179.32,188.22,41127330
914,187.58,2018-12-03,189.57,186.06,186.96,42192521
915,182.36,2018-12-04,191.03,176.48,181.47,42123979
916,176.84,2018-12-06,179.18,176.04,172.02,44503981
917,168.51,2018-12-07,178.66,175.3,179.89,42757235
918,176.6,2018-12-10,173.84,164.94,166.0,64430254
919,175.29,2018-12-11,177.94,171.0,171.7,47389600
920,177.1,2018-12-12,180.15,175.75,172.5,37233441
921,171.0,2018-12-13,173.26,173.38,173.14,33402533
922,170.89,2018-12-14,170.71,166.25,171.0,41874172
923,164.65,2018-12-17,171.59,167.33,169.99,45144381
924,172.64,2018-12-18,173.26,164.68,167.12,33987342
925,166.14,2018-12-19,174.2,162.61,173.0,49824987
926,157.24,2018-12-20,162.69,158.6,167.0,65167366
927,155.81,2018-12-21,158.31,154.22,161.88,96771190
928,153.74,2018-12-24,153.61,150.24,153.54,38306936
929,158.19,2018-12-26,160.07,149.72,155.0,60319386
930,163.66,2018-12-27,164.25,151.07,162.81,53639861
931,157.42,2018-12-28,165.17,156.03,162.5,43336622
932,159.27,2018-12-31,166.82,159.75,159.37,35779913
933,163.94,2019-01-02,166.13,159.63,154.91,38133588
934,146.39,2019-01-03,147.74,146.0,150.11,92367152
935,155.28,2019-01-04,153.17,146.1,150.81,59051999
936,154.68,2019-01-07,150.76,149.4,149.6,55487503
937,154.89,2019-01-08,156.81,155.08,153.49,41170380
938,158.16,2019-01-09,158.27,155.35,155.83,45948468
939,161.5,2019-01-10,155.82,152.08,155.2,36806937
940,152.48,2019-01-11,155.6,152.62,154.03,28293968
941,155.0,2019-01-14,152.53,153.05,154.73,32689052
942,159.98,2019-01-15,157.69,150.71,151.38,29923386
943,158.56,2019-01-16,160.08,155.0,158.13,31798539
944,162.91,2019-01-17,163.29,154.66,161.6,30287342
945,160.13,2019-01-18,164.14,159.56,162.3,34611733
946,156.9,2019-01-22,163.35,154.26,160.63,31131692
947,160.93,2019-01-23,161.54,153.7,155.38,23773255
948,154.9,2019-01-24,156.16,151.97,154.26,26536315
949,159.86,2019-01-25,164.02,159.3,162.51,34963480
950,163.8,2019-01-28,159.0,159.82,162.7,26383692
951,155.11,2019-01-29,163.38,160.55,157.08,42175117
952,168.7,2019-01-30,171.67,162.59,171.16,63264832
953,170.33,2019-01-31,175.0,166.79,170.9,41597511
954,172.75,2019-02-01,176.0,166.07,167.84,33312312
955,179.48,2019-02-04,179.31,171.27,170.56,31629532
956,174.93,2019-02-05,180.33,178.1,179.26,37320450
957,180.6,2019-02-06,184.25,177.72,182.18,28907786
958,175.88,2019-02-07,177.84,175.43,172.7,33153485
959,171.69,2019-02-08,178.04,172.0,177.12,24788880
960,176.49,2019-02-11,178.32,170.99,178.49,21814225
961,178.35,2019-02-12,172.0,177.4,175.0,22449243
962,171.32,2019-02-13,176.43,171.1,172.91,22884785
963,179.0,2019-02-14,176.78,171.66,170.35,22221817
964,173.08,2019-02-15,176.2,177.14,175.68,25770049
965,176.95,2019-02-19,179.2,173.79,173.38,19723463
966,177.71,2019-02-20,177.17,172.41,173.49,26491947
967,177.09,2019-02-21,172.97,178.1,180.0,17312284
968,181.04,2019-02-22,181.0,178.16,174.34,19833507
969,176.46,2019-02-25,182.06,175.92,182.79,22720776
970,177.07,2019-02-26,183.8,174.82,176.32,17092357
971,177.9,2019-02-27,176.0,181.18,178.02,28764600
972,173.29,2019-02-28,175.61,173.77,179.51,29383503
973,180.51,2019-03-01,182.68,176.7,182.34,26142164
974,178.68,2019-03-04,183.57,178.87,183.8,28496181
975,177.87,2019-03-05,181.0,177.02,179.93,20288607
976,176.87,2019-03-06,177.71,179.25,176.68,20833900
977,181.1,2019-03-07,180.44,174.85,180.21,25454501
978,175.24,2019-03-08,175.36,176.9,173.31,24693092
979,180.3,2019-03-11,185.02,176.03,180.7,33337723
980,187.23,2019-03-12,183.86,184.18,180.0,32974879
981,184.82,2019-03-13,185.1,189.27,183.38,31183807
982,192.07,2019-03-14,187.8,183.63,188.3,24040296
983,194.06,2019-03-15,192.85,191.79,192.64,39572102
984,192.2,2019-03-18,189.15,188.12,186.1,26594364
985,194.98,2019-03-19,197.1,187.18,193.64,32609777
986,192.09,2019-03-20,189.71,185.52,192.88,31302513
987,204.46,2019-03-21,196.39,196.61,198.09,51285451
988,198.99,2019-03-22,207.01,194.7,198.93,43621828
989,189.79,2019-03-25,197.28,192.3,198.58,44629462
990,192.51,2019-03-26,194.32,184.66,192.58,52116908
991,193.87,2019-03-27,194.88,193.64,193.1,30170907
992,194.86,2019-03-28,197.62,190.24,193.02,20962070
993,191.9,2019-03-29,197.84,194.65,197.87,24445007
994,200.36,2019-04-01,196.36,194.82,199.12,28165462
995,196.47,2019-04-02,201.97,192.6,194.86,23320345
996,204.36,2019-04-03,199.0,201.57,195.43,23780772
997,200.96,2019-04-04,202.01,195.7,196.6,19991233
998,199.0,2019-04-05,201.8,196.98,198.12,19204533
999,203.4,2019-04-08,209.59,201.33,199.33,27087473
1000,205.0,2019-04-09,211.28,203.14,210.1,36168503
1001,205.14,2019-04-10,205.73,207.07,201.27,22605496
1002,202.89,2019-04-11,211.0,206.24,209.4,21013938
1003,201.68,2019-04-12,201.46,198.99,205.3,28387393
1004,209.13,2019-04-15,207.11,205.17,203.98,17584023
1005,205.43,2019-04-16,201.66,201.21,209.12,26499096
1006,203.14,2019-04-17,207.41,207.26,201.05,29414501
1007,210.4,2019-04-18,209.81,204.6,207.99,24796802
1008,212.58,2019-04-22,214.64,204.9,209.62,20021073
1009,212.99,2019-04-23,209.72,210.7,205.97,24081968
1010,214.29,2019-04-24,208.51,216.98,213.51,17632454
1011,211.27,2019-04-25,214.43,205.36,213.94,18760186
1012,212.6,2019-04-26,212.0,207.81,207.7,19464847
1013,206.23,2019-04-29,212.35,205.61,207.9,22937514
1014,202.18,2019-04-30,203.9,207.05,211.17,48664584
1015,218.96,2019-05-01,216.54,210.1,218.97,65426387
1016,217.35,2019-05-02,221.45,216.87,216.7,32618556
1017,220.31,2019-05-03,216.05,214.0,213.24,21876435
1018,217.96,2019-05-06,209.61,204.9,209.8,32839174
1019,207.83,2019-05-07,210.93,204.24,212.81,40358265
1020,206.0,2019-05-08,208.28,202.28,203.0,27168410
1021,207.29,2019-05-09,207.38,201.69,209.7,35690666
1022,203.6,2019-05-10,206.11,200.48,205.28,41795388
1023,194.85,2019-05-13,195.56,185.52,188.19,57648699
1024,196.07,2019-05-14,194.7,188.1,189.39,36905405
1025,199.76,2019-05-15,199.72,193.37,190.93,27857832
1026,190.84,2019-05-16,192.51,197.11,190.03,33638203
1027,194.0,2019-05-17,200.2,193.87,191.05,33386766
1028,184.48,2019-05-20,193.26,186.61,190.85,39498431
1029,190.7,2019-05-21,189.0,189.2,191.59,28375749
1030,183.35,2019-05-22,189.82,185.56,192.78,30435493
1031,186.08,2019-05-23,181.48,184.01,184.8,37226006
1032,183.55,2019-05-24,188.73,186.7,180.7,24859715
1033,179.12,2019-05-28,180.83,179.74,185.36,28658605
1034,186.18,2019-05-29,187.47,181.0,177.61,28893072
1035,186.6,2019-05-30,179.27,182.82,182.9,21846146
1036,177.14,2019-05-31,178.06,175.03,182.2,28187377
1037,177.8,2019-06-03,185.92,170.84,179.8,41092327
1038,182.33,2019-06-04,184.97,179.93,182.81,32200344
1039,182.66,2019-06-05,193.52,189.77,190.48,30444882
1040,186.24,2019-06-06,188.54,182.42,185.26,22643963
1041,192.4,2019-06-07,199.64,192.78,190.67,32056644
1042,192.96,2019-06-10,204.27,199.59,198.46,26979804
1043,197.52,2019-06-11,199.0,194.7,198.82,27893048
1044,197.27,2019-06-12,201.47,202.94,201.44,18587399
1045,200.93,2019-06-13,205.84,199.8,195.4,22358982
1046,195.42,2019-06-14,198.84,199.5,196.82,19031676
1047,202.69,2019-06-17,195.73,192.84,198.4,15197949
1048,203.76,2019-06-18,203.52,200.47,201.33,27841431
1049,199.79,2019-06-19,209.53,198.91,205.97,21822087
1050,205.62,2019-06-20,208.44,201.4,200.71,22569901
1051,200.61,2019-06-21,206.98,208.02,203.2,49772462
1052,205.15,2019-06-24,209.09,205.29,201.69,18320637
1053,197.86,2019-06-25,207.31,198.02,207.19,21771495
1054,205.4,2019-06-26,204.27,201.91,205.53,26514606
1055,207.15,2019-06-27,203.66,204.03,207.06,21405887
1056,203.38,2019-06-28,199.6,198.78,202.86,32081005
1057,205.12,2019-07-01,210.03,208.62,203.24,27546555
1058,202.74,2019-07-02,204.94,205.8,209.76,17740492
1059,208.96,2019-07-03,213.39,208.12,212.43,11855309
1060,211.65,2019-07-05,206.35,207.7,210.89,17757493
1061,200.96,2019-07-08,211.0,204.92,210.23,25698179
1062,211.23,2019-07-09,207.78,202.25,209.1,20921902
1063,211.98,2019-07-10,207.86,209.95,208.82,17915926
1064,206.75,2019-07-11,214.53,204.01,207.59,20420363
1065,205.3,2019-07-12,209.0,203.6,211.67,18317399
1066,210.32,2019-07-15,206.2,212.0,211.16,17403239
1067,208.4,2019-07-16,208.15,209.4,208.17,16981238
1068,213.09,2019-07-17,212.8,210.49,208.36,14345880
1069,214.17,2019-07-18,214.6,210.7,214.0,19504524
1070,202.81,2019-07-19,214.0,207.3,206.16,21295701
1071,207.42,2019-07-22,209.75,212.32,210.25,22397922
1072,218.64,2019-07-23,218.28,216.43,214.03,18515132
1073,213.0,2019-07-24,215.77,216.1,214.97,15284914
1074,216.64,2019-07-25,217.74,210.32,214.96,14093428
1075,214.6,2019-07-26,215.07,213.0,216.02,17904389
1076,213.81,2019-07-29,218.71,210.77,216.55,22594832
1077,212.99,2019-07-30,212.21,210.31,216.4,34344834
1078,219.56,2019-07-31,223.71,218.7,219.97,69424838
1079,212.25,2019-08-01,228.29,216.34,218.1,54607723
1080,204.96,2019-08-02,207.26,201.78,211.1,41186538
1081,195.28,2019-08-05,207.63,199.76,202.76,53034280
1082,202.0,2019-08-06,207.94,196.25,202.55,36656488
1083,200.67,2019-08-07,207.2,195.49,197.61,34373025
1084,210.18,2019-08-08,211.16,200.79,200.9,28286852
1085,201.29,2019-08-09,207.91,207.09,205.6,25286651
1086,208.17,2019-08-12,207.7,201.52,202.89,22483670
1087,212.32,2019-08-13,212.27,201.85,203.56,49089203
1088,210.46,2019-08-14,215.08,207.51,204.9,38009975
1089,203.64,2019-08-15,208.39,201.85,205.2,28944703
1090,206.8,2019-08-16,207.34,208.12,212.41,30144630
1091,213.6,2019-08-19,219.49,220.4,212.89,25233818
1092,216.08,2019-08-20,219.2,220.26,217.48,27999727
1093,216.44,2019-08-21,219.07,216.7,214.43,21672947
1094,215.5,2019-08-22,215.11,218.52,220.06,22389604
1095,206.14,2019-08-23,219.58,207.0,215.52,49016262
1096,211.83,2019-08-26,212.81,206.12,211.38,26135883
1097,205.95,2019-08-27,212.16,210.3,208.5,26403496
1098,211.91,2019-08-28,212.11,207.79,208.4,16547129
1099,215.02,2019-08-29,217.77,214.98,213.3,21212020
1100,209.29,2019-08-30,210.7,213.4,210.56,21170142
1101,208.5,2019-09-03,213.94,205.46,213.61,20171989
1102,215.81,2019-09-04,216.72,210.92,212.24,19770343
1103,217.32,2019-09-05,224.34,221.85,218.0,24760747
1104,217.05,2019-09-06,217.84,215.8,220.69,20324406
1105,222.84,2019-09-09,224.78,219.48,220.35,27409354
1106,224.8,2019-09-10,217.76,212.92,218.5,33364630
1107,231.73,2019-09-11,232.1,221.14,220.96,44331224
1108,228.66,2019-09-12,228.37,230.0,235.3,33005715
1109,224.13,2019-09-13,228.2,219.85,228.0,40896686
1110,224.0,2019-09-16,229.62,221.54,219.93,21583394
1111,227.4,2019-09-17,222.19,219.62,227.34,18772294
1112,230.85,2019-09-18,232.75,219.75,224.67,26464031
1113,224.33,2019-09-19,229.1,229.93,231.77,22447153
1114,222.32,2019-09-20,229.03,221.23,227.09,59464803
1115,226.7,2019-09-23,226.3,224.63,229.0,20111928
1116,227.3,2019-09-24,228.14,220.78,224.91,32017176
1117,228.29,2019-09-25,229.8,218.7,226.64,22503125
1118,230.76,2019-09-26,221.83,227.85,223.0,19206101
1119,219.52,2019-09-27,222.54,225.53,230.74,25584070
1120,233.0,2019-09-30,225.07,222.85,225.4,27110643
1121,233.83,2019-10-01,228.53,227.8,230.38,36379327
1122,219.06,2019-10-02,225.43,220.91,224.59,35910907
1123,226.22,2019-10-03,223.14,224.41,221.02,30870387
1124,237.29,2019-10-04,233.9,232.03,227.24,34927584
1125,232.44,2019-10-07,231.43,231.5,233.22,31714267
1126,232.5,2019-10-08,233.16,229.7,226.37,29305444
1127,229.5,2019-10-09,232.35,231.78,228.14,19722231
1128,233.96,2019-10-10,241.44,234.7,230.28,29286742
1129,237.52,2019-10-11,243.37,238.24,234.65,42598063
1130,237.87,2019-10-14,241.16,234.7,239.8,25000552
1131,237.36,2019-10-15,239.07,242.09,240.0,23652742
1132,240.73,2019-10-16,240.8,244.1,234.9,19318480
1133,237.36,2019-10-17,238.59,244.9,239.93,17652857
1134,239.95,2019-10-18,239.23,237.25,239.25,25006456
1135,252.06,2019-10-21,251.6,244.88,243.15,23409439
1136,244.96,2019-10-22,250.8,244.64,248.26,23140634
1137,246.39,2019-10-23,247.41,252.77,249.1,20079943
1138,246.48,2019-10-24,248.9,244.22,252.44,18576033
1139,251.86,2019-10-25,255.59,250.0,244.59,18746664
1140,251.97,2019-10-28,258.21,247.87,256.81,24913215
1141,248.25,2019-10-29,262.15,250.13,254.81,37467742
1142,246.85,2019-10-30,253.8,248.2,255.97,31263426
1143,255.72,2019-10-31,257.53,247.66,254.42,35822613
1144,264.76,2019-11-01,261.79,257.12,260.21,38300014
1145,262.4,2019-11-04,266.73,266.65,268.47,26949036
1146,260.0,2019-11-05,267.29,258.24,258.69,20750000
1147,269.43,2019-11-06,266.45,258.2,259.42,19878411
1148,264.12,2019-11-07,264.53,262.53,259.88,23840538
1149,263.34,2019-11-08,265.1,263.82,269.55,18337898
1150,262.6,2019-11-11,274.18,268.63,265.4,20793866
1151,267.97,2019-11-12,265.98,273.39,270.98,22433243
1152,275.51,2019-11-13,265.54,268.41,266.6,26778934
1153,267.29,2019-11-14,275.47,263.0,269.43,23435150
1154,271.3,2019-11-15,273.78,270.32,265.5,25985802
1155,272.3,2019-11-18,273.8,264.77,276.5,22071576
1156,277.9,2019-11-19,276.0,270.52,277.0,19110121
1157,268.45,2019-11-20,266.57,267.7,277.78,26796227
1158,266.65,2019-11-21,270.88,271.99,271.87,31469649
1159,271.54,2019-11-22,267.57,273.5,270.99,16947612
1160,277.41,2019-11-25,274.99,269.17,266.43,21834786
1161,276.9,2019-11-26,269.03,275.5,277.36,27502389
1162,268.03,2019-11-27,268.34,276.48,266.16,17191263
1163,280.61,2019-11-29,280.0,278.3,277.5,12016852
1164,268.16,2019-12-02,271.33,273.4,278.89,23954902
1165,266.08,2019-12-03,270.99,265.36,266.51,30409014
1166,265.77,2019-12-04,271.33,267.42,261.49,16923119
1167,278.48,2019-12-05,271.14,269.84,275.17,18904782
1168,274.77,2019-12-06,273.0,274.9,275.01,27318199
1169,274.32,2019-12-09,282.3,277.91,278.0,32634439
1170,276.44,2019-12-10,280.71,272.05,271.8,22917472
1171,281.72,2019-12-11,277.4,275.5,280.3,20141974
1172,277.71,2019-12-12,275.59,274.39,279.6,35487957
1173,286.48,2019-12-13,281.1,283.15,280.79,34990643
1174,288.3,2019-12-16,284.54,286.28,283.0,33225090
1175,292.15,2019-12-17,295.05,291.5,289.25,29671712
1176,287.25,2019-12-18,283.3,285.61,282.8,29415099
1177,282.2,2019-12-19,288.9,280.06,285.0,25542163
1178,289.67,2019-12-20,294.86,285.45,282.82,70342833
1179,293.0,2019-12-23,297.3,289.92,289.4,24780977
1180,293.06,2019-12-24,285.65,287.46,292.37,12669710
1181,298.45,2019-12-26,291.83,286.2,288.12,23521267
1182,303.3,2019-12-27,307.23,295.12,292.02,37070552
1183,293.3,2019-12-30,300.3,290.49,300.75,37796927
1184,306.44,2019-12-31,297.29,299.43,298.59,25761882
1185,306.18,2020-01-02,308.3,299.79,298.66,34584346
1186,298.55,2020-01-03,304.05,307.9,300.46,37196160
1187,314.1,2020-01-06,314.59,296.54,304.59,29865924
1188,304.01,2020-01-07,301.6,305.25,309.05,28410406
1189,315.8,2020-01-08,304.91,306.61,300.68,33197565
1190,316.74,2020-01-09,320.57,313.9,320.76,44029133
1191,312.56,2020-01-10,327.82,312.9,324.6,36861723
1192,328.83,2020-01-13,324.64,316.75,325.44,31230767
1193,321.7,2020-01-14,332.32,313.36,332.0,41029885
1194,318.43,2020-01-15,324.3,318.96,319.76,31949115
1195,328.11,2020-01-16,327.2,314.97,323.04,28483072
1196,322.36,2020-01-17,320.81,326.0,327.46,35926517
1197,323.15,2020-01-21,330.17,328.0,317.33,28857958
1198,331.3,2020-01-22,325.69,323.8,327.2,25986609
1199,327.16,2020-01-23,322.19,324.65,324.99,26632490
1200,320.21,2020-01-24,332.32,320.75,325.37,37331696
1201,318.73,2020-01-27,315.7,313.52,312.09,42366338
1202,323.06,2020-01-28,318.8,316.67,320.0,40743427
1203,335.1,2020-01-29,333.54,323.73,325.28,54545346
1204,330.7,2020-01-30,335.16,329.32,333.55,32530345
1205,311.73,2020-01-31,329.14,316.82,322.83,51474498
1206,322.93,2020-02-03,319.6,311.87,306.7,44034957
1207,332.94,2020-02-04,335.3,318.85,328.66,35415265
1208,337.22,2020-02-05,340.38,329.64,324.78,30188105
1209,334.21,2020-02-06,327.43,321.75,335.23,27583980
1210,320.76,2020-02-07,325.7,328.0,332.51,30591964
1211,333.66,2020-02-10,333.33,322.87,316.42,28035121
1212,332.92,2020-02-11,332.8,321.6,325.9,24302418
1213,340.4,2020-02-12,335.63,327.61,331.79,29719281
1214,331.52,2020-02-13,330.84,328.34,339.32,24566625
1215,329.5,2020-02-14,329.93,333.25,326.31,20168049
1216,327.0,2020-02-18,321.57,321.77,316.14,38346884
1217,332.77,2020-02-19,325.97,323.0,332.0,23836088
1218,326.4,2020-02-20,328.62,332.7,335.33,25362466
1219,319.73,2020-02-21,331.82,315.2,334.15,33175995
1220,298.32,2020-02-24,305.15,290.1,301.39,56663119
1221,292.75,2020-02-25,312.32,297.7,308.26,60269796
1222,295.74,2020-02-26,308.01,292.8,300.4,50765260
1223,282.67,2020-02-27,290.0,275.12,293.2,83995385
1224,279.12,2020-02-28,290.69,257.9,266.03,110013900
1225,309.69,2020-03-02,313.6,283.39,294.99,87488725
1226,303.25,2020-03-03,314.0,286.7,313.66,83156542
1227,317.63,2020-03-04,305.0,302.64,305.18,56393771
1228,300.12,2020-03-05,306.51,305.35,297.45,48044874
1229,296.0,2020-03-06,294.53,282.9,294.0,57851714
1230,273.92,2020-03-09,278.43,266.0,272.4,74119699
1231,289.73,2020-03-10,289.24,281.98,279.29,71880780
1232,275.62,2020-03-11,288.77,283.56,283.66,64724771
1233,259.95,2020-03-12,277.0,255.0,256.3,107759423
1234,291.58,2020-03-13,289.45,258.68,266.33,95422831
1235,245.07,2020-03-16,259.68,245.0,248.37,81018112
1236,263.7,2020-03-17,259.08,247.1,253.78,83917602
1237,258.44,2020-03-18,251.0,244.9,251.16,75918860
1238,252.06,2020-03-19,261.79,248.47,256.17,69703466
1239,232.69,2020-03-20,260.91,232.0,247.65,101607758
1240,232.24,2020-03-23,237.1,219.31,232.34,85106620
1241,251.62,2020-03-24,248.07,235.0,246.58,72172279
1242,254.18,2020-03-25,260.6,247.7,256.55,79604233
1243,269.2,2020-03-26,261.1,255.13,255.6,64824557
1244,256.55,2020-03-27,267.81,253.7,263.02,53131038
1245,255.35,2020-03-30,256.22,261.8,257.97,43407019
1246,258.45,2020-03-31,268.51,254.0,261.3,51093162
1247,248.48,2020-04-01,252.98,249.54,252.8,44184169
1248,247.88,2020-04-02,254.92,244.5,243.21,43333419
1249,251.93,2020-04-03,248.6,250.81,243.4,32536706
1250,266.11,2020-04-06,272.74,253.62,263.3,51729919
1251,263.38,2020-04-07,277.7,271.0,282.0,52983692
1252,271.2,2020-04-08,268.83,264.49,271.11,42522469
1253,280.61,2020-04-09,270.69,267.7,272.7,42533188
1254,280.59,2020-04-13,280.4,276.78,280.18,32921810
1255,293.25,2020-04-14,289.09,283.82,289.0,49900270
1256,298.32,2020-04-15,294.13,281.37,295.0,33614153
1257,295.12,2020-04-16,297.3,289.4,293.33,40362880
2020-04-16 00:00:00,300.65,,301.1,288.72,292.5,39571149
